month,total_sales,moving_avg_3m,months_in_window
2013-09,4484000.03,4484000.0,1
2013-10,9295611.1,6889806.0,2
2013-11,7267203.3,7015605.0,3
2013-12,5368441.08,7310418.0,3
2014-01,6607761.68,6414469.0,3
2014-02,7297531.39,6424578.0,3
2014-03,5586859.87,6497384.0,3
2014-04,6964775.07,6616389.0,3
2014-05,6210211.06,6253949.0,3
2014-06,9518893.82,7564627.0,3
2014-07,8102920.18,7944008.0,3
2014-08,5864622.42,7828812.0,3
2014-09,6398697.24,6788747.0,3
2014-10,12375819.92,8213047.0,3
2014-11,5384214.2,8052910.0,3
2014-12,11998787.9,9919607.0,3
